docker start mysql
---- mac ------
docker exec -it mysql bash
mysql -u root -p

----window ---
mysql -u root -p

cmd 창에서
// mysql 연결
mysql -u root -p 입력하고 비밀번호 1234 입력

--------------------------------------------------

show databases;
// 데이터베이스 확인
=>
+--------------------+
| Database           |
+--------------------+
| information_schema |
| mysql              |
| performance_schema |
| sys                |
+--------------------+
4 rows in set (0.00 sec)

--------------------------------------------------

use mysql;
// MYSQL이라는 데이터베이스 사용

show tables;
// 테이블 확인

--------------------------------------------------

create database multi;
// MULTI라는 데이터 베이스 생성

use multi;
// MULTI라는 데이터베이스 사용
=>
Database changed

--------------------------------------------------

show tables;

--------------------------------------------------

CREATE TABLE STUDENTS(
	ID INT,
	NAME VARCHAR(100),
	PHONE CHAR(13),
	ADDRESS VARCHAR(1000)
);
=>
------------------------------------
| ID | NAME | PHONE | ADDRESS |
------------------------------------
ㄴ> students 라는 이름의 테이블을 만들게 되었고
     4개의 컬럼이 생성이 된것임.

varchar (가변 문자열)

--------------------------------------------------

show tables;
=>
mysql> show tables;
+-----------------+
| Tables_in_multi |
+-----------------+
| students        |
+-----------------+
1 row in set (0.00 sec)

--------------------------------------------------

DESC STUDENTS;
// 테이블 정보 확인 하기
=>
+---------+---------------+------+-----+---------+-------+
| Field     | Type            | Null   | Key | Default  | Extra   |
+---------+---------------+------+-----+---------+-------+
| ID         | int              | YES    |       | NULL    |        |
| NAME    | varchar(100)  | YES    |       | NULL    |        |
| PHONE   | char(13)       | YES    |       | NULL    |        |
| ADDRESS| varchar(1000) | YES   |       | NULL    |         |
+---------+---------------+------+-----+---------+-------+
4 rows in set (0.00 sec)

--------------------------------------------------

SELECT * FROM STUDENTS;
	        ( TABLE명 )
 * : '전부다'라는 의미
// 저장된 데이터를(테이블의) 모든 컬럼을 조회(선택)하겠다. 
=>
Empty set (0.00 sec)
// 비워져 있다.

--------------------------------------------------

INSERT INTO STUDENTS VALUES( 1, 'jungsu', '010-5129-8380', '경기도 수원시');
// 데이터를 넣는 과정 
// ( )안에 넣는 값은 선언 해준 순서와 타입에 맞추어 입력해야 됨

=>
Query OK, 1 row affected (0.01 sec)

--------------------------------------------------

SELECT * FROM STUDENTS;
=>
+------+--------+---------------+---------------+
| ID   | NAME   | PHONE         | ADDRESS       |
+------+--------+---------------+---------------+
|    1 | jungsu | 010-5129-8380 | 경기도 수원시 |
+------+--------+---------------+---------------+
1 row in set (0.00 sec)

--------------------------------------------------

ALTER TABLE STUDENTS ADD SUBJECTS VARCHAR(100);
// ㄴ>수정 하는 명령어    ㄴ> 추가
// VARCHAR(100)이라는 타입의 SUBJECTS라는 이름의 컬럼을 
STUDENTS 테이블에 추가를 하겠다.

=>
Query OK, 0 rows affected (0.02 sec)
Records: 0  Duplicates: 0  Warnings: 0

--------------------------------------------------

DESC STUDENTS;
=>
+----------+---------------+------+-----+---------+-------+
| Field       | Type            | Null | Key  | Default  | Extra  |
+----------+---------------+------+-----+---------+-------+
| ID           | int              | YES  |       | NULL    |         |
| NAME      | varchar(100)  | YES  |       | NULL    |         |
| PHONE     | char(13)       | YES  |       | NULL    |         |
| ADDRESS  | varchar(1000) | YES  |       | NULL    |         |
| SUBJECTS  | varchar(100)  | YES  |       | NULL    |         |
+----------+---------------+------+-----+---------+-------+
5 rows in set (0.00 sec)

--------------------------------------------------

SELECT * FROM STUDENTS;
=>
+------+--------+---------------+---------------+----------+
| ID   | NAME   | PHONE         | ADDRESS       | SUBJECTS |
+------+--------+---------------+---------------+----------+
|    1 | jungsu | 010-5129-8380 | 경기도 수원시 | NULL     |
+------+--------+---------------+---------------+----------+
1 row in set (0.00 sec)

--------------------------------------------------

INSERT INTO STUDENTS VALUES( 2, 'lim', '010-1111-2222', '서울시 강남구', 'web');
// 데이터 입력
=>
Query OK, 1 row affected (0.01 sec)

--------------------------------------------------

SELECT * FROM STUDENTS;
=>
+------+--------+---------------+---------------+----------+
| ID     | NAME  | PHONE         | ADDRESS       | SUBJECTS |
+------+--------+---------------+---------------+----------+
|    1 | jungsu   | 010-5129-8380 | 경기도 수원시 | NULL   |
|    2 | lim       | 010-1111-2222 | 서울시 강남구 | web     |
+------+--------+---------------+---------------+----------+
2 rows in set (0.00 sec)

--------------------------------------------------

ALTER TABLE STUDENTS MODIFY SUBJECTS VARCHAR(1000);
// 			ㄴ> 
// 테이블의 컬럼 타입을 변경 가능하다
=>
Query OK, 0 rows affected (0.01 sec)
Records: 0  Duplicates: 0  Warnings: 0

--------------------------------------------------

DESC STUDENTS;
=>
+----------+---------------+------+-----+---------+-------+
| Field    | Type          | Null | Key | Default | Extra |
+----------+---------------+------+-----+---------+-------+
| ID       | int           | YES  |     | NULL    |       |
| NAME     | varchar(100)  | YES  |     | NULL    |       |
| PHONE    | char(13)      | YES  |     | NULL    |       |
| ADDRESS  | varchar(1000) | YES  |     | NULL    |       |
| SUBJECTS | varchar(1000) | YES  |     | NULL    |       |
+----------+---------------+------+-----+---------+-------+
5 rows in set (0.00 sec)

--------------------------------------------------

SELECT ID, NAME FROM STUDENTS;
// STUDENTS의 ID와 NAME의 컬럼명만 가져와 확인(조회) 하겠다.
=>
+------+--------+
| ID     | NAME  |
+------+--------+
|    1   | jungsu  |
|    2   | lim      |
+------+--------+
2 rows in set (0.00 sec)

--------------------------------------------------

SELECT * FROM STUDENTS WHERE ID=2;
//		           ㄴ>조건 | ㄴ>ID가 2인 
// STUDENTS 테이블의 ID가 2인 모든 데이터를 선택(조회)하겠다.
=>
+------+------+---------------+---------------+----------+
| ID    | NAME | PHONE         | ADDRESS       | SUBJECTS |
+------+------+---------------+---------------+----------+
|    2  | lim     | 010-1111-2222 | 서울시 강남구 | web    |
+------+------+---------------+---------------+----------+
1 row in set (0.00 sec)

--------------------------------------------------

SELECT ID, NAME FROM STUDENTS WHERE ID=2;
=>
+------+------+
| ID     | NAME |
+------+------+
|    2   | lim    |
+------+------+
1 row in set (0.00 sec)

--------------------------------------------------

SELECT COUNT(*) FROM STUDENTS;
//         ㄴ> COUNT 함수
// 모든 (컬럼)데이터가 몇개인지 COUNT 해주는 것
=>
+----------+
| COUNT(*) |
+----------+
|        2 |
+----------+
1 row in set (0.00 sec)

--------------------------------------------------

DROP TABLE STUDENTS;
// 지우는 것
=>
Query OK, 0 rows affected (0.02 sec)

--------------------------------------------------

DESC STUDENTS;
=>
ERROR 1146 (42S02): Table 'multi.students' doesn't exist

--------------------------------------------------

SHOW TABLES;
=>
Empty set (0.00 sec)

--------------------------------------------------

USE MYSQL;
=>
Database changed

--------------------------------------------------

DROP DATABASE MULTI;
=>
Query OK, 0 rows affected (0.02 sec)

--------------------------------------------------

SHOW DATABASES;
=>
+--------------------+
| Database           |
+--------------------+
| information_schema |
| mysql              |
| performance_schema |
| sys                |
+--------------------+
4 rows in set (0.00 sec)

--------------------------------------------------

EXIT;
// 종료
=>
Bye









